"name","sku","price","quantity","tags","image","description"
"PUCCI Scorci Fiorentini print scarf","ACC-00001","365.0","25","accessories,pucci,women","https://cdn-images.farfetch-contents.com/15/65/22/62/15652262_28667234_1000.jpg","Little details can make all the difference in a look. Boasting a wool construction, this Scorci Fiorentini print scarf is the one that will bring your outfit together. Emilio Pucci’s got this one all tied up."
"Shrimps wide-collar crochet sweater","APP-00001","304.0","25","clothing,shrimps,women","https://cdn-images.farfetch-contents.com/17/71/62/83/17716283_37260405_1000.jpg","Shrimps wide-collar crochet sweater."
"Tory Burch logo-embroidered fine-knit jumper","APP-00002","454.0","25","clothing,tory burch,women","https://cdn-images.farfetch-contents.com/17/61/43/60/17614360_37465695_1000.jpg","Tory Burch logo-embroidered fine-knit jumper."
"Jil Sander rope-detail rib knit midi skirt","APP-00003","1005.0","25","clothing,jil sander,women","https://cdn-images.farfetch-contents.com/16/35/45/60/16354560_31438387_1000.jpg","Change is good. So, switch up your loungewear looks with this Jil Sander rib knit cotton skirt...just as comfy, and a whole lot more stylish. Bet you forgot what skirts feel like..."
"John Elliott Himalayan cargo trousers","APP-00004","573.0","25","clothing,john elliott,women","https://cdn-images.farfetch-contents.com/14/61/73/81/14617381_22612678_1000.jpg","Olive green cotton blend Himalayan cargo trousers from John Elliott featuring an elasticated waistband with a drawstring fastening, side slit pockets, a back pocket, front pockets and an elasticated hem."
"AZ FACTORY Heart necklace","ACC-00002","182.0","25","accessories,az factory,jewelry,women","https://cdn-images.farfetch-contents.com/16/24/52/31/16245231_31401190_1000.jpg","Forever is a long time… But we're sure that this Heart necklace wouldn’t mind spending it on your neck. Inspired by Alber's personal hand-drawn notes and illustrations, this necklace is a celebration of love and represents that which AZ Factory wants to share with you. Handle with care."
"Gianvito Rossi Tropea 80mm sandals","SHOE-00001","810.0","25","gianvito rossi,shoes,women","https://cdn-images.farfetch-contents.com/17/73/32/41/17733241_37201953_1000.jpg","Gianvito Rossi Tropea 80mm sandals."
"Billionaire Boys Club logo single-breasted jacket","APP-00005","188.0","25","billionaire boys club,clothing,men","https://cdn-images.farfetch-contents.com/17/14/96/98/17149698_35240060_1000.jpg","Billionaire Boys Club logo single-breasted jacket."
"Orciani soft leather belt","ACC-00003","127.0","25","accessories,men,orciani","https://cdn-images.farfetch-contents.com/17/18/95/05/17189505_34963519_1000.jpg","Orciani soft leather belt."
"Valentino Garavani VLOGO low top sneakers","SHOE-00002","548.0","25","men,shoes,valentino garavani","https://cdn-images.farfetch-contents.com/15/35/91/74/15359174_28112796_1000.jpg","Whoever said that sneakers were meant for the scruffy clearly doesn't know where to shop. Luckily you do, so go ahead and slip into these Valentino Garavani VLOGO low top sneakers that have a sleek rear strap. Casual never looked so good."
"Off-White checked floral shirt","APP-00006","760.0","25","clothing,off-white,women","https://cdn-images.farfetch-contents.com/16/72/05/31/16720531_32913148_1000.jpg","A shirt that makes a statement. The florals over the checkerboard print and the tie-fastening twist detail will have you stepping out in true Off-White fashion. The streets will never be the same."
"Officine Creative interwoven leather belt","ACC-00004","312.0","25","accessories,men,officine creative","https://cdn-images.farfetch-contents.com/17/60/43/84/17604384_37354873_1000.jpg","Officine Creative interwoven leather belt."
"Dolce &amp; Gabbana Kids logo-print long-sleeved shirt","APP-00007","335.0","25","boys clothing,clothing,dolce & gabbana kids,dolce &amp; gabbana kids,kids","https://cdn-images.farfetch-contents.com/16/23/75/20/16237520_30925702_1000.jpg","As winter takes over, you'll need to invest in some stylishly statement clothing for your special boy. This logo print shirt from Dolce & Gabbana Kids should be first on your shopping list. Boasting a classic button-up design, he'll never be facing a lacklustre cold-weather wardrobe again."
"Diesel S-ASTICO high-top sneakers","SHOE-00003","214.0","25","diesel,men,shoes","https://cdn-images.farfetch-contents.com/16/11/17/52/16111752_30452593_1000.jpg","Diesel S-ASTICO high-top sneakers."
"ASPESI lightweight hooded coat","APP-00008","948.0","25","aspesi,clothing,women","https://cdn-images.farfetch-contents.com/16/11/21/00/16112100_32067191_1000.jpg","ASPESI lightweight hooded coat."
"Lala Berlin pointelle-knit belted cardi-coat","APP-00009","526.0","25","clothing,lala berlin,women","https://cdn-images.farfetch-contents.com/17/27/12/00/17271200_35398109_1000.jpg","Lala Berlin pointelle-knit belted cardi-coat."
"Bally monogram print wallet","ACC-00005","486.0","25","accessories,bally,women","https://cdn-images.farfetch-contents.com/17/31/60/87/17316087_35870993_1000.jpg","Bally monogram print wallet."
"Golden Goose paisley-print silk scarf","ACC-00006","234.0","25","accessories,golden goose,women","https://cdn-images.farfetch-contents.com/17/65/93/45/17659345_37040217_1000.jpg","Golden Goose paisley-print silk scarf."
"Bally Hike 1 lace-up boots","SHOE-00004","1261.0","25","bally,shoes,women","https://cdn-images.farfetch-contents.com/17/54/85/36/17548536_36937754_1000.jpg","Bally Hike 1 lace-up boots."
"Givenchy Kids logo-waistband trousers","APP-00010","244.0","25","boys clothing,clothing,givenchy kids,kids","https://cdn-images.farfetch-contents.com/16/98/87/90/16988790_33996319_1000.jpg","Givenchy Kids logo-waistband trousers."
"Armani Exchange padded high-neck jacket","APP-00011","259.0","25","armani exchange,clothing,men","https://cdn-images.farfetch-contents.com/17/35/04/15/17350415_36034205_1000.jpg","Armani Exchange padded high-neck jacket."
"RE/DONE 70s shearling-trimmed suede clogs","SHOE-00005","972.0","25","re/done,shoes,women","https://cdn-images.farfetch-contents.com/17/20/35/01/17203501_35428568_1000.jpg","RE/DONE 70s shearling-trimmed suede clogs."
"Kenzo Kids animal-print hooded jacket","APP-00012","339.0","25","boys clothing,clothing,kenzo kids,kids","https://cdn-images.farfetch-contents.com/17/25/11/74/17251174_35073065_1000.jpg","Kenzo Kids animal-print hooded jacket."
"Duskii Capriosca bikini top","PROD-00001","56.0","25","activewear,duskii,women","https://cdn-images.farfetch-contents.com/13/67/13/74/13671374_16507792_1000.jpg","Blueberry blue cotton blend Capriosca bikini top from duskii featuring spaghetti straps, a sweetheart neckline, an open back and gold-tone hardware."
"Gucci Kids interlocking G print sweatshirt","APP-00013","354.0","25","baby boy clothing,clothing,gucci kids,kids","https://cdn-images.farfetch-contents.com/15/02/96/12/15029612_25276359_1000.jpg","Your little baby will never look so cool. Constructed from pure cotton, this interlocking G print sweatshirt from Gucci Kids is the way to guy if you want him to be the coolest baby around the block. Team Gucci since little."
"Maison Kitsuné fox patch hoodie","APP-00014","319.0","25","clothing,maison kitsuné,women","https://cdn-images.farfetch-contents.com/14/46/65/07/14466507_21344474_1000.jpg","Maison Kitsuné evokes a laid-back lifestyle through their quintessentially Parisian clothing ranges, where a fashion-forward edge elevates classic preppy silhouettes. This black cotton logo hoodie features a hood with drawstring tie fastenings, a contrast embroidered logo at the chest, dropped shoulders, a central pouch pocket and long sleeves."
"Prada intarsia-knit logo jumper","APP-00015","2290.0","25","clothing,prada,women","https://cdn-images.farfetch-contents.com/15/95/28/12/15952812_29515893_1000.jpg","Not your average knit. With an intarsia-knit logo front and centre, this jumper is leaving no mysteries as to its origins, and we wouldn't want it to. Prada or nada."
"Eleventy striped T-shirt","APP-00016","285.0","25","clothing,eleventy,men","https://cdn-images.farfetch-contents.com/17/63/15/10/17631510_36803787_1000.jpg","Eleventy striped T-shirt."
"Madison.Maison 3 Stripe &amp; Your Out leather sneakers","SHOE-00006","782.0","25","madison.maison,shoes,women","https://cdn-images.farfetch-contents.com/17/14/29/15/17142915_34881513_1000.jpg","Madison.Maison 3 Stripe &amp; Your Out leather sneakers."
"Dkny Kids multi-pocket cotton cargo trousers","APP-00017","84.0","25","boys clothing,clothing,dkny kids,kids","https://cdn-images.farfetch-contents.com/17/64/55/25/17645525_37218987_1000.jpg","Dkny Kids multi-pocket cotton cargo trousers."
"Sergio Rossi Sr1 55mm logo plaque pumps","SHOE-00007","772.0","25","sergio rossi,shoes,women","https://cdn-images.farfetch-contents.com/15/56/91/23/15569123_29584953_1000.jpg","Sergio Rossi Sr1 55mm logo plaque pumps."
"Scarosso x Paula Cademartori West sandals","SHOE-00008","469.0","25","scarosso,shoes,women","https://cdn-images.farfetch-contents.com/17/01/57/30/17015730_34049132_1000.jpg","Tobacco brown leather x Paula Cademartori West sandals from Scarosso featuring cut-out detailing, open toe, tie-fastening ankle strap, branded insole and rope sole."
"MSGM Kids logo-print T-shirt","APP-00018","100.0","25","baby boy clothing,clothing,kids,msgm kids","https://cdn-images.farfetch-contents.com/17/81/22/76/17812276_37391792_1000.jpg","MSGM Kids logo-print T-shirt."
"WAUW CAPOW by BANGBANG Maya Limited T-shirt dress","APP-00019","85.0","25","clothing,girls clothing,kids,wauw capow by bangbang","https://cdn-images.farfetch-contents.com/16/94/30/56/16943056_33931836_1000.jpg","WAUW CAPOW by BANGBANG Maya Limited T-shirt dress."
"Cartier Eyewear pilot-frame logo sunglasses","ACC-00007","1298.0","25","accessories,cartier eyewear,women","https://cdn-images.farfetch-contents.com/15/95/18/86/15951886_31161309_1000.jpg","Forgot your double coffee? Don't worry, these pilot-frame sunglasses from Cartier Eyewear will help you camouflage the tired look in style. With tinted lenses and branded temples, these sunglasses are ready to take charge of your looks. Tough mornings? No problem."
"Brunello Cucinelli zip front hoodie","APP-00020","1295.0","25","brunello cucinelli,clothing,women","https://cdn-images.farfetch-contents.com/15/06/02/08/15060208_25622509_1000.jpg","Grey cotton-blend zip front hoodie from Brunello Cucinelli featuring a hood, a front zip fastening, long sleeves, front pockets, a front zip fastening and bead embellishments."
"Department 5 Trini skinny-fit jeans","APP-00021","285.0","25","clothing,department 5,women","https://cdn-images.farfetch-contents.com/15/75/82/53/15758253_29077492_1000.jpg","Department 5 Trini skinny-fit jeans."
"Isabel Marant Étoile paisley-print ruffled blouse","APP-00022","225.0","25","clothing,isabel marant étoile,women","https://cdn-images.farfetch-contents.com/17/23/71/86/17237186_35276629_1000.jpg","Isabel Marant Étoile paisley-print ruffled blouse."
"Scarosso Cecilia flatform sneakers","SHOE-00009","483.0","25","scarosso,shoes,women","https://cdn-images.farfetch-contents.com/16/55/48/01/16554801_32254343_1000.jpg","Scarosso Cecilia flatform sneakers."
"Ralph Lauren Kids Polo Pony logo cotton T-shirt","APP-00023","63.0","25","baby boy clothing,clothing,kids,ralph lauren kids","https://cdn-images.farfetch-contents.com/17/02/08/98/17020898_34274632_1000.jpg","Ralph Lauren Kids Polo Pony logo cotton T-shirt."
"Monnalisa TEEN bow-detail ballerina shoes","SHOE-00010","272.0","25","kids,monnalisa,shoes,teen girl shoes","https://cdn-images.farfetch-contents.com/17/72/74/04/17727404_37258302_1000.jpg","Monnalisa TEEN bow-detail ballerina shoes."
"Pt01 superfine tailored trousers","APP-00024","515.0","25","clothing,men,pt01","https://cdn-images.farfetch-contents.com/16/66/51/63/16665163_33267766_1000.jpg","Pt01 superfine tailored trousers."
"Versace Kids logo-print pullover hoodie","APP-00025","249.0","25","boys clothing,clothing,kids,versace kids","https://cdn-images.farfetch-contents.com/16/97/00/44/16970044_33857999_1000.jpg","Versace Kids logo-print pullover hoodie."
"Pleasures Vodka photo-patches plaid flannel shirt","APP-00026","210.0","25","clothing,men,pleasures","https://cdn-images.farfetch-contents.com/17/79/19/21/17791921_37403313_1000.jpg","An affinity for irreverent and bold accents defines Pleasures' cutting-edge aesthetic. Showcased on this classic workwear flannel shirt are twelve photographic print patches, each with a different motif."
"Dolce &amp; Gabbana high-waisted lace pencil skirt","APP-00027","1496.0","25","clothing,dolce & gabbana,dolce &amp; gabbana,women","https://cdn-images.farfetch-contents.com/16/94/76/43/16947643_33903719_1000.jpg","Dolce &amp; Gabbana high-waisted lace pencil skirt."
"Lygia &amp; Nanny geode print belted dress","APP-00028","121.0","25","clothing,lygia & nanny,lygia &amp; nanny,women","https://cdn-images.farfetch-contents.com/16/86/08/88/16860888_33715191_1000.jpg","Lygia &amp; Nanny geode print belted dress."
"Off-White Rubber Arrows straight-leg track pants","APP-00029","932.0","25","clothing,men,off-white","https://cdn-images.farfetch-contents.com/16/95/83/21/16958321_36482968_1000.jpg","It all started with 'vision from Virgil', but soon Off-White has become an icon of streetwear - with logos and motifs recognisable everywhere, as seen in this piece. Constructed from pure cotton, these black track pants are decorated with two side cargo pockets and rubberized Arrows motifs."
"Perfect Moment Kids slogan-print colour-block jumper","APP-00030","248.0","25","clothing,girls clothing,kids,perfect moment kids","https://cdn-images.farfetch-contents.com/17/15/29/92/17152992_36448227_1000.jpg","Perfect Moment Kids slogan-print colour-block jumper."
"Piazza Sempione cropped trousers","APP-00031","364.0","25","clothing,piazza sempione,women","https://cdn-images.farfetch-contents.com/13/96/59/88/13965988_18056562_1000.jpg","Black cotton cropped trousers from Piazza Sempione featuring belt loops, a hook and zip fly and back welt pockets."
"Philosophy Di Lorenzo Serafini leather-effect tie-waist shorts","APP-00032","281.0","25","clothing,philosophy di lorenzo serafini,women","https://cdn-images.farfetch-contents.com/16/21/22/61/16212261_30856612_1000.jpg","Philosophy Di Lorenzo Serafini leather-effect tie-waist shorts."
"AMI Paris embroidered logo sweatshirt","APP-00033","665.0","25","ami paris,clothing,men","https://cdn-images.farfetch-contents.com/16/64/38/86/16643886_32793262_1000.jpg","AMI Paris embroidered logo sweatshirt."
"Mostly Heard Rarely Seen padded hoodie jacket","APP-00034","739.0","25","clothing,men,mostly heard rarely seen","https://cdn-images.farfetch-contents.com/15/61/19/49/15611949_38780785_1000.jpg","Mostly Heard Rarely Seen padded hoodie jacket."
"Dolce &amp; Gabbana DG buckle belt","ACC-00008","475.0","25","accessories,dolce & gabbana,dolce &amp; gabbana,men","https://cdn-images.farfetch-contents.com/14/34/02/42/14340242_20735847_1000.jpg","You can never have too many notches under your belt. Or too many actual belts, really - especially this DG buckle one from Dolce & Gabbana. Add it to your (ever-growing) collection."
"MM6 Maison Margiela Kids embroidered logo beanie","ACC-00009","89.0","25","accessories,boys accessories,kids,mm6 maison margiela kids","https://cdn-images.farfetch-contents.com/17/78/71/68/17787168_37398334_1000.jpg","MM6 Maison Margiela Kids embroidered logo beanie."
"Mostly Heard Rarely Seen Asymmetrical seam track trousers","APP-00035","215.0","25","clothing,men,mostly heard rarely seen","https://cdn-images.farfetch-contents.com/13/52/97/30/13529730_16152144_1000.jpg","Grey Asymmetrical seam track trousers from mostly heard rarely seen featuring a mid rise, an elasticated drawstring waist, a slim fit, side pockets and back pockets."
"Sergio Rossi Blair slip on sneakers","SHOE-00011","649.0","25","sergio rossi,shoes,women","https://cdn-images.farfetch-contents.com/12/18/82/00/12188200_21978404_1000.jpg","White leather Blair slip on sneakers from Sergio Rossi."
"Giuseppe Zanotti Coby touch-strap sneakers","SHOE-00012","703.0","25","giuseppe zanotti,shoes,women","https://cdn-images.farfetch-contents.com/17/44/05/58/17440558_36826319_1000.jpg","Giuseppe Zanotti Coby touch-strap sneakers."
"Dolce &amp; Gabbana floral-print silk scarf","ACC-00010","180.0","25","accessories,dolce & gabbana,dolce &amp; gabbana,women","https://cdn-images.farfetch-contents.com/17/40/66/45/17406645_37152090_1000.jpg","Dolce &amp; Gabbana floral-print silk scarf."
"ATP Atelier Astrid toe-strap sandals","SHOE-00013","330.0","25","atp atelier,shoes,women","https://cdn-images.farfetch-contents.com/12/97/00/07/12970007_36277931_1000.jpg","ATP Atelier (short for 'All Tomorrow's Parties') fuses Italian craftsmanship with Scandi design for an effortlessly elegant aesthetic. These black leather Astrid toe-strap sandals from ATP Atelier features an open back, a branded insole, a slip-on style and an open toe."
"Kenzo Kids Tiger logo-print one-piece swimsuit","APP-00036","86.0","25","clothing,girls clothing,kenzo kids,kids","https://cdn-images.farfetch-contents.com/17/64/61/45/17646145_37170427_1000.jpg","Kenzo's 'Pop Tiger' print decorates the exterior of this one-piece swimsuit from the brand's SS22 kidswear collection."
"Alice+Olivia Estelle bodycon mini dress","APP-00037","604.0","25","alice+olivia,clothing,women","https://cdn-images.farfetch-contents.com/17/40/14/86/17401486_36226410_1000.jpg","Alice+Olivia Estelle bodycon mini dress."
"Comme Des Garçons Homme Plus knee-length chino shorts","APP-00038","249.0","25","clothing,comme des garçons homme plus,men","https://cdn-images.farfetch-contents.com/16/36/16/62/16361662_32622066_1000.jpg","Comme Des Garçons Homme Plus knee-length chino shorts."
"MC2 Saint Barth zebra-print elasticated-waist swim shorts","APP-00039","109.0","25","clothing,mc2 saint barth,men","https://cdn-images.farfetch-contents.com/16/41/23/16/16412316_31650570_1000.jpg","MC2 Saint Barth zebra-print elasticated-waist swim shorts."
"Tod&apos;s logo-plaque wallet","ACC-00011","715.0","25","accessories,tod&apos;s,tod's,women","https://cdn-images.farfetch-contents.com/17/07/43/55/17074355_34834510_1000.jpg","Since its founding in 1900, Tod's has exhibited its supreme leather craftsmanship through its shoes, bags and accessories. Crafted from smooth caramel-hued leather, the silver-tone logo plaque that sits at the front of this wallet makes it an instantly recognisable piece."
"Chloé Lauren low-top sneakers","SHOE-00014","1119.0","25","chloé,shoes,women","https://cdn-images.farfetch-contents.com/17/01/65/70/17016570_34277306_1000.jpg","Brown leather Lauren low-top sneakers from CHLOÉ featuring scallop edge, logo-debossed tongue, logo pull-tab at the heel, round toe, front lace-up fastening and contrasting rubber sole."
"WAUW CAPOW by BANGBANG Johanna strawberry appliqué T-shirt","APP-00040","65.0","25","baby girl clothing,clothing,kids,wauw capow by bangbang","https://cdn-images.farfetch-contents.com/14/94/46/77/14944677_26826832_1000.jpg","Yellow and black Johanna strawberry appliqué T-shirt from Wauw Capow featuring a scoop neck, a dotted pattern, appliqué detailing and short sleeves."
"Y&apos;s oversized shirt dress","APP-00041","1404.0","25","clothing,women,y&apos;s,y's","https://cdn-images.farfetch-contents.com/17/70/86/96/17708696_37214467_1000.jpg","Y&apos;s oversized shirt dress."
"Golden Goose Kids May laminated sneakers","SHOE-00015","459.0","25","girls shoes,golden goose kids,kids,shoes","https://cdn-images.farfetch-contents.com/17/32/60/17/17326017_35737757_1000.jpg","Golden Goose Kids May laminated sneakers."
"Haculla Star Eyes crew neck sweatshirt","APP-00042","276.0","25","clothing,haculla,men","https://cdn-images.farfetch-contents.com/12/99/32/11/12993211_13907431_1000.jpg","Yellow cotton Star Eyes crew neck sweatshirt from Haculla featuring a ribbed crew neck, long sleeves, a ribbed hem and cuffs, a printed logo to the front, a regular length, a relaxed fit and a black logo face embroidery to the front."
"Marc Jacobs The Camo Webbing shoulder strap","ACC-00012","180.0","25","accessories,bags,marc jacobs,women","https://cdn-images.farfetch-contents.com/17/41/11/18/17411118_36662511_1000.jpg","With an adjustable-length design in black, white and grey tones, The Camo Webbing shoulder strap from Marc Jacobs is finished with silver-tone hardware."
"Marni two-tone logo crossbody bag","ACC-00013","1328.0","25","accessories,bags,marni,women","https://cdn-images.farfetch-contents.com/17/71/18/80/17711880_37142227_1000.jpg","Marni two-tone logo crossbody bag."
"Ten C padded jacket","APP-00043","1599.0","25","clothing,men,ten c","https://cdn-images.farfetch-contents.com/14/37/08/99/14370899_20880601_1000.jpg","Black padded jacket from Ten C featuring a shearling lining, a hood and a front zip fastening."
"Nike LeBron 9 AS sneakers","SHOE-00016","1206.0","25","men,nike,shoes","https://cdn-images.farfetch-contents.com/14/31/19/28/14311928_20435089_1000.jpg","Nike LeBron 9 AS sneakers."
"Valentino Garavani VLOGO reversible belt","ACC-00014","862.0","25","accessories,valentino garavani,women","https://cdn-images.farfetch-contents.com/15/60/65/50/15606550_28238139_1000.jpg","Pull your look together. Literally. This reversible VLOGO belt from Valentino Garavani lets you mix things up."
"WARDROBE.NYC crew neck long-sleeve sweatshirt","APP-00044","242.0","25","clothing,wardrobe.nyc,women","https://cdn-images.farfetch-contents.com/15/51/70/43/15517043_33168717_1000.jpg","WARDROBE.NYC crew neck long-sleeve sweatshirt."
"Stella McCartney Rave graphic-print sweatshirt","APP-00045","258.0","25","clothing,stella mccartney,women","https://cdn-images.farfetch-contents.com/17/20/83/66/17208366_35250729_1000.jpg","For AW2021, Stella McCartney presents an optimistic take on the future, exploring its creative side. Crafted from 100% cotton as a testament to the brand's approach to sustainability, this white T-shirt is adorned with a graphic print representing a party-inspired print and attesting to the brand's vision of coming days."
"Nanushka logo-print track pants","APP-00046","184.0","25","clothing,men,nanushka","https://cdn-images.farfetch-contents.com/17/10/15/94/17101594_34568402_1000.jpg","Nanushka logo-print track pants."
"Raf Simons contrasting strap slides","SHOE-00017","326.0","25","men,raf simons,shoes","https://cdn-images.farfetch-contents.com/16/63/76/54/16637654_32599303_1000.jpg","When the sun comes out so do your toes. Give your feet a hot day's treat with Raf Simons' contrasting strap slides that feature an open toe construction so you can embrace all the warmth from bright mornings. Just what your soles need."
"AMI Paris crew-neck wool jumper","APP-00047","414.0","25","ami paris,clothing,women","https://cdn-images.farfetch-contents.com/16/64/39/85/16643985_32986995_1000.jpg","Winter is about to become your favourite season if it is not already. In a knitted construction, this soft wool jumper from AMI Paris will get you excited for chilly days. Get cosy."
"Stella McCartney Kids Spotty flowers-print mini skirt","APP-00048","105.0","25","clothing,girls clothing,kids,stella mccartney kids","https://cdn-images.farfetch-contents.com/17/18/36/46/17183646_35026544_1000.jpg","Stella McCartney Kids Spotty flowers-print mini skirt."
"1017 ALYX 9SM industrial-buckle belt","ACC-00015","451.0","25","1017 alyx 9sm,accessories,women","https://cdn-images.farfetch-contents.com/16/46/69/42/16466942_32075767_1000.jpg","1017 ALYX 9SM industrial-buckle belt."
"Dolce &amp; Gabbana Kids crystal-logo midi dress","APP-00049","742.0","25","clothing,dolce & gabbana kids,dolce &amp; gabbana kids,girls clothing,kids","https://cdn-images.farfetch-contents.com/17/70/66/74/17706674_37061788_1000.jpg","Dolce &amp; Gabbana Kids crystal-logo midi dress."
"Hogan 3R low-top sneakers","SHOE-00018","750.0","25","hogan,shoes,women","https://cdn-images.farfetch-contents.com/17/55/15/55/17551555_36420750_1000.jpg","The 3R low-top sneakers from Hogan have a contemporary streetwear aesthetic, sitting atop a textured rubber sole. This pair is detailed with a logo patch on the side as well as a patch on the tongue."
"Jimmy Choo Bing crystal-embellished pointed flats","SHOE-00019","1450.0","25","jimmy choo,shoes,women","https://cdn-images.farfetch-contents.com/13/42/33/81/13423381_21440999_1000.jpg","Jimmy Choo updates the humble flats with signature glamour in the Bing shoes. The slip-on pair is crafted from shiny patent leather that is complemented by glimmering crystals on the strap. A pointed-toe silhouette elongates the leg for an elegant finish."
"Off-White Arrows motif mid-calf socks","PROD-00002","185.0","25","lingerie & nightwear,off-white,women","https://cdn-images.farfetch-contents.com/17/58/82/68/17588268_37399642_1000.jpg","Off-White brings its uplifting spirit to its lingerie edit with these socks. They're presented in beige with pink accents, with the signature Arrows motif creating a signature look."
"La Perla sleeveless crop top","PROD-00003","379.0","25","la perla,lingerie & nightwear,women","https://cdn-images.farfetch-contents.com/16/08/36/49/16083649_30225896_1000.jpg","La Perla sleeveless crop top."
"Timberland Kids rib-knit logo beanie","ACC-00016","68.0","25","accessories,boys accessories,kids,timberland kids","https://cdn-images.farfetch-contents.com/17/65/42/40/17654240_37075379_1000.jpg","Timberland Kids rib-knit logo beanie."
"Thom Browne 4-bar Matte Nylon Coat","APP-00050","3945.0","25","clothing,men,thom browne","https://cdn-images.farfetch-contents.com/13/51/93/81/13519381_15968945_1000.jpg","Reimagining menswear staples, Thom Browne tailors wools and tweeds to a modernised sportswear aesthetic. Quilted and padded with natural feather down, this navy blue wool coat features a straight fit, a snap button closure, a high standing collar, a hood, side pockets, fitted cuffs, a lining and four-bar stripes at the sleeve."
"A BATHING APE® Shark camouflage pattern T-shirt","APP-00051","224.0","25","a bathing ape®,clothing,women","https://cdn-images.farfetch-contents.com/17/08/29/82/17082982_34559883_1000.jpg","A BATHING APE® Shark camouflage pattern T-shirt."
"Alexander McQueen camouflage print sun hat","ACC-00017","249.0","25","accessories,alexander mcqueen,men","https://cdn-images.farfetch-contents.com/17/60/36/14/17603614_36618533_1000.jpg","Alexander McQueen camouflage print sun hat."
"Baldinini Scarpa Uomo Vitello low-top sneakers","SHOE-00020","404.0","25","baldinini,men,shoes","https://cdn-images.farfetch-contents.com/16/44/74/02/16447402_32643611_1000.jpg","Baldinini Scarpa Uomo Vitello low-top sneakers."
"Marc Jacobs lace-up low-top sneakers","SHOE-00021","874.0","25","marc jacobs,shoes,women","https://cdn-images.farfetch-contents.com/17/25/04/90/17250490_35373277_1000.jpg","Marc Jacobs lace-up low-top sneakers."
"Dsquared2 high-shine lace-up shoes","SHOE-00022","775.0","25","dsquared2,men,shoes","https://cdn-images.farfetch-contents.com/16/65/44/37/16654437_32716111_1000.jpg","Looking great from head to toes is easy with Dsquared2. In a high-shine finish, these lace-up shoes are a simple yet refined option for your next formal event. Smarten up."
"Dorothee Schumacher The New Luxury cardigan","APP-00052","1317.0","25","clothing,dorothee schumacher,women","https://cdn-images.farfetch-contents.com/17/41/50/01/17415001_36657814_1000.jpg","Dorothee Schumacher The New Luxury cardigan."
"Jordan Kids Air Jordan 1 Mid sneakers","SHOE-00023","362.0","25","girls shoes,jordan kids,kids,shoes","https://cdn-images.farfetch-contents.com/15/67/96/09/15679609_28541387_1000.jpg","Nothing says timeless quite like a pair of Jordans. Perfect for on or off the court, these Air Jordan 1Mid sneakers feature a highly-sought after silhouette that has been around for years. Crafted from white, hype crimson and pink blast leather, the high-top pair are sure to set your little one's heart on the prize."
"Diesel Kids Tonkey monkey-print T-shirt","APP-00053","26.0","25","boys clothing,clothing,diesel kids,kids","https://cdn-images.farfetch-contents.com/17/73/40/43/17734043_37502067_1000.jpg","Diesel Kids Tonkey monkey-print T-shirt."
"Dolce &amp; Gabbana oversized-bow silk headband","ACC-00018","545.0","25","accessories,dolce & gabbana,dolce &amp; gabbana,women","https://cdn-images.farfetch-contents.com/17/40/49/93/17404993_36813329_1000.jpg","Dolce &amp; Gabbana oversized-bow silk headband."
"Brunello Cucinelli Kids ruffle-trim denim dress","APP-00054","1095.0","25","brunello cucinelli kids,clothing,girls clothing,kids","https://cdn-images.farfetch-contents.com/16/91/49/64/16914964_33887484_1000.jpg","Brunello Cucinelli Kids ruffle-trim denim dress."
"P.A.R.O.S.H. long-sleeve virgin wool shirt","APP-00055","303.0","25","clothing,p.a.r.o.s.h.,women","https://cdn-images.farfetch-contents.com/17/08/00/27/17080027_34382737_1000.jpg","P.A.R.O.S.H. long-sleeve virgin wool shirt."
"James Perse long-sleeve cotton hoodie","APP-00056","448.0","25","clothing,james perse,men","https://cdn-images.farfetch-contents.com/17/17/36/67/17173667_35947567_1000.jpg","James Perse long-sleeve cotton hoodie."
"Simonetta bell-print T-shirt","APP-00057","74.0","25","clothing,girls clothing,kids,simonetta","https://cdn-images.farfetch-contents.com/17/66/11/83/17661183_36880281_1000.jpg","Simonetta bell-print T-shirt."
"Just Cavalli mid-rise straight-leg jeans","APP-00058","230.0","25","clothing,just cavalli,women","https://cdn-images.farfetch-contents.com/17/69/50/34/17695034_37100460_1000.jpg","Just Cavalli mid-rise straight-leg jeans."
"Raf Simons biker gilet","APP-00059","3392.0","25","clothing,men,raf simons","https://cdn-images.farfetch-contents.com/15/23/19/77/15231977_26367726_1000.jpg","Who wants to look as cool as a biker? You do! This black and white leather gilet will fulfil that dream. Now to get that Harley.... Featuring notched lapels, an off-centre front zip fastening and front zipped pockets."
"Scarosso Gilda woven-strap sandals","SHOE-00024","642.0","25","scarosso,shoes,women","https://cdn-images.farfetch-contents.com/16/76/62/96/16766296_33190609_1000.jpg","Scarosso Gilda woven-strap sandals."
"Alexander McQueen Oversized lace-up sneakers","SHOE-00025","1020.0","25","alexander mcqueen,men,shoes","https://cdn-images.farfetch-contents.com/15/29/41/33/15294133_28229197_1000.jpg","Sold your 'sole' to style? So did these Oversized sneakers from Alexander McQueen, and though they might have done a deal with the Devil, they'd rather be in your wardrobe than the underworld. But we have heard that Hades has a pair too."
"Salvatore Ferragamo Pre-Owned mini shoulder bag","PROD-00004","2626.0","25","pre-owned,salvatore ferragamo pre-owned,women","https://cdn-images.farfetch-contents.com/10/85/17/75/10851775_4119131_1000.jpg","Black leather mini shoulder bag from Ferragamo Vintage featuring a foldover top with flip-lock closure, a gold-tone chain shoulder strap and an embossed internal logo stamp. Please note that vintage items are not new and therefore might have minor imperfections."
"Thom Browne Engineered 4-Bar Jersey Sweatshort","APP-00060","1000.0","25","clothing,men,thom browne","https://cdn-images.farfetch-contents.com/12/47/76/39/12477639_22897542_1000.jpg","Blue cotton Engineered 4-Bar Jersey Sweatshort from Thom Browne."
"Ih Nom Uh Nit portrait print drawstring hoodie","APP-00061","628.0","25","clothing,ih nom uh nit,men","https://cdn-images.farfetch-contents.com/14/98/97/03/14989703_24956760_1000.jpg","Black cotton portrait print drawstring hoodie from ih nom uh nit featuring a graphic print, a drawstring hood, a kangaroo pocket, long sleeves and fitted cuffs."
"Off-White Classic Industrial buckle belt","ACC-00019","301.0","25","accessories,off-white,women","https://cdn-images.farfetch-contents.com/15/28/27/45/15282745_27848373_1000.jpg","Fasten your seatbelt but make it fashion. This Industrial belt will make you travel far away without moving, as you'll be in the office daydreaming about your next destination. Well, don't forget to take Off-White with you - for safety and all."
"Tory Burch Miller hinge-stud bangle","ACC-00020","255.0","25","accessories,jewelry,tory burch,women","https://cdn-images.farfetch-contents.com/16/03/50/96/16035096_30144804_1000.jpg","This gold-tone piece really puts ""time"" in timeless. With all-over double T emblem, this Tory Burch bracelet was made for you to wear every day."
"Moschino graphic-print denim shirt","APP-00062","1006.0","25","clothing,men,moschino","https://cdn-images.farfetch-contents.com/16/75/32/07/16753207_33052310_1000.jpg","Looking for a sign for your next wardrobe update? This is it and it's from Moschino, with a two-tone design and bold graphic print on this denim shirt. Button up."
"Babe And Tess jersey footed leggings","APP-00063","78.0","25","babe and tess,baby boy clothing,clothing,kids","https://cdn-images.farfetch-contents.com/17/23/16/82/17231682_35335773_1000.jpg","Babe And Tess jersey footed leggings."
"Philipp Plein logo zipped backpack","ACC-00021","2845.0","25","accessories,bags,men,philipp plein","https://cdn-images.farfetch-contents.com/15/89/53/27/15895327_29907982_1000.jpg","Philipp Plein logo zipped backpack."
"Camper Edy leather sandals","SHOE-00026","186.0","25","camper,shoes,women","https://cdn-images.farfetch-contents.com/17/58/85/13/17588513_36658918_1000.jpg","Camper Edy leather sandals."
"PS Paul Smith Zebra embroidered T-shirt","APP-00064","95.0","25","clothing,men,ps paul smith","https://cdn-images.farfetch-contents.com/14/68/72/94/14687294_23129651_1000.jpg","Grey organic cotton Zebra embroidered T-shirt from PS Paul Smith featuring a jersey knit, short sleeves, embroidered details, a straight hem, a ribbed crew neck and a multicoloured embroidered zebra to the chest. POSITIVELY CONSCIOUS: At least 50% of the main material of this product meets our conscious criteria: for example, it's either organic, recycled, upcycled, or independently recognised as being better for the environment (such as linen, ramie, Tencel, etc.)."
"Junya Watanabe long sequin-embellished biker coat","APP-00065","2505.0","25","clothing,junya watanabe,women","https://cdn-images.farfetch-contents.com/16/48/52/40/16485240_32031745_1000.jpg","Junya Watanabe long sequin-embellished biker coat."
"Familiar checked trouser","APP-00066","142.0","25","boys clothing,clothing,familiar,kids","https://cdn-images.farfetch-contents.com/15/51/06/13/15510613_27888116_1000.jpg","Familiar checked trouser."
"D.A.T.E. logo lace-up sneakers","SHOE-00027","190.0","25","d.a.t.e.,girls shoes,kids,shoes","https://cdn-images.farfetch-contents.com/17/56/30/03/17563003_36620708_1000.jpg","D.A.T.E. logo lace-up sneakers."
"Marni two-tone touch-strap flat sandals","SHOE-00028","1457.0","25","marni,shoes,women","https://cdn-images.farfetch-contents.com/16/27/33/08/16273308_31193364_1000.jpg","A Marni silhouette for the modern woman. Featuring a two-tone design, these touch-strap flat sandals stay true to the house's creative and distinctive approach to fashion. Idiosyncratic."
"Max Mara pilot-frame sunglasses","ACC-00022","374.0","25","accessories,max mara,women","https://cdn-images.farfetch-contents.com/16/75/59/88/16755988_33575005_1000.jpg","Max Mara pilot-frame sunglasses."
"ERES Craft one-piece swimsuit","APP-00067","1015.0","25","clothing,eres,women","https://cdn-images.farfetch-contents.com/16/36/15/34/16361534_31530769_1000.jpg","ERES Craft one-piece swimsuit."
"Dsquared2 Kids distressed denim shorts","APP-00068","238.0","25","boys clothing,clothing,dsquared2 kids,kids","https://cdn-images.farfetch-contents.com/16/24/53/29/16245329_31256399_1000.jpg","There's no summer without a cool pair of denim shorts and even he knows that. Add these distressed denim shorts from Dsquared2 Kids to his summer staples. Warm-weather ready."
"MM6 Maison Margiela oversized logo tote bag","ACC-00023","459.0","25","accessories,bags,mm6 maison margiela,women","https://cdn-images.farfetch-contents.com/16/81/53/84/16815384_33350652_1000.jpg","When it comes to MM6 Maison Margiela, distressed effects are their go-to staple. Take this tote bag for example, it comes finished with a bold paint splatter design to shake up the traditional patterning."
"UNRAVEL PROJECT lace-up sweatshirt","APP-00069","479.0","25","clothing,unravel project,women","https://cdn-images.farfetch-contents.com/15/37/13/52/15371352_28804077_1000.jpg","Your casual wardrobe is about to be elevated to a whole new level of cool. This black cotton lace-up sweatshirt from UNRAVEL PROJECT offers both comfort and unrivalled style. Don't worry, it won't unravel itself."
"printed AMIR SLAMA + CHOCOLIX swimming T-shirt","APP-00070","111.0","25","amir slama,boys clothing,clothing,kids","https://cdn-images.farfetch-contents.com/16/74/07/48/16740748_33160825_1000.jpg","Amir Slama printed AMIR SLAMA + CHOCOLIX swimming T-shirt."
"Karl Lagerfeld checked pyjama set","PROD-00005","67.0","25","karl lagerfeld,men,underwear & socks","https://cdn-images.farfetch-contents.com/17/15/51/96/17155196_34897470_1000.jpg","Karl Lagerfeld checked pyjama set."
"Calvin Klein Kids slim-fit jeans","APP-00071","162.0","25","calvin klein kids,clothing,girls clothing,kids","https://cdn-images.farfetch-contents.com/16/39/70/07/16397007_31636888_1000.jpg","Calvin Klein Kids slim-fit jeans."
"Thom Browne RWB stripe piqué polo dress","APP-00072","1217.0","25","clothing,thom browne,women","https://cdn-images.farfetch-contents.com/12/80/97/84/12809784_12987449_1000.jpg","Occasionally inspired by the sportive lifestyle, Browne incorporates it in his impeccable craftsmanship. Made in Italy from pink cotton, this polo dress from Thom Browne featuring a classic polo collar, a front button placket, short sleeves and a signature blue, white and red stripe to the back."
"Paul Smith Junior logo patch jeans","APP-00073","141.0","25","baby boy clothing,clothing,kids,paul smith junior","https://cdn-images.farfetch-contents.com/17/40/70/29/17407029_35992625_1000.jpg","Paul Smith Junior logo patch jeans."
"Valentino cropped denim jeans","APP-00074","707.0","25","clothing,men,valentino","https://cdn-images.farfetch-contents.com/16/44/25/88/16442588_31852353_1000.jpg","You'll turn to Valentino's jeans more often than not, just you wait. Cropped at the ankles, it'll show off your shoes to full effect. Sandals or sneakers?"
"Salvatore Ferragamo engraved-detail beaded bracelet","ACC-00024","340.0","25","accessories,jewelry,men,salvatore ferragamo","https://cdn-images.farfetch-contents.com/17/63/07/82/17630782_36807442_1000.jpg","Salvatore Ferragamo engraved-detail beaded bracelet."
"Camper Camaleon 1975 high-top sneakers","SHOE-00029","263.0","25","camper,shoes,women","https://cdn-images.farfetch-contents.com/16/75/55/87/16755587_33237730_1000.jpg","Camper Camaleon 1975 high-top sneakers."
"Camper Brutus lace-up boots","SHOE-00030","328.0","25","camper,shoes,women","https://cdn-images.farfetch-contents.com/16/05/79/16/16057916_30081445_1000.jpg","Camper Brutus lace-up boots."
"Jacquemus hoops pendant earrings","ACC-00025","506.0","25","accessories,jacquemus,jewelry,women","https://cdn-images.farfetch-contents.com/14/05/98/67/14059867_18366644_1000.jpg","Simon Porte started Jacquemus when he was just 19, putting a fresh, young spin on contemporary-wear. These pink and gold-tone hoops pendant earrings from Jacquemus feature crystal embellishments, a push back stopper , a mix of stone embellishments and mix of different loops and textures."
"Stella McCartney rib-knit cardigan","APP-00075","661.0","25","clothing,stella mccartney,women","https://cdn-images.farfetch-contents.com/16/49/05/21/16490521_32041907_1000.jpg","Stella McCartney fashions contemporary offerings for the modern woman without eschewing the ethical ambitions that the brand was built on. Crafted from cotton, this soft rib-knit cardigan showcase the brand's mastery of elegant knitwear."
"Save The Duck Kids sleeve logo-patch jacket","APP-00076","292.0","25","boys clothing,clothing,kids,save the duck kids","https://cdn-images.farfetch-contents.com/17/34/30/29/17343029_35776329_1000.jpg","Save The Duck Kids sleeve logo-patch jacket."
"Dolce &amp; Gabbana Kids logo knitted sneakers","SHOE-00031","275.0","25","boys shoes,dolce & gabbana kids,dolce &amp; gabbana kids,kids,shoes","https://cdn-images.farfetch-contents.com/14/42/13/61/14421361_22157106_1000.jpg","Dolce & Gabbana Kids' Sorrento sneakers are a small-sized iteration of the iconic pair. With knitted uppers and a practical slip-on style, these sneakers feature the same branding details as the original pair: a printed logo across the front, branded pull tab and branded heel counter."
"Lacoste crocodile-logo short-sleeve polo shirt","APP-00077","165.0","25","clothing,lacoste,men","https://cdn-images.farfetch-contents.com/16/85/94/28/16859428_37411829_1000.jpg","Making its appearance across the entire collection, Lacoste's crocodile is as iconic as the brand itself. Here, the green and most recognisable iteration of the motif adorns the classic silhouette of this short-sleeve polo shirt."
"Saiid Kobeisy floral-embroidered sleeveless dress","APP-00078","3597.0","25","clothing,saiid kobeisy,women","https://cdn-images.farfetch-contents.com/16/86/94/56/16869456_33652217_1000.jpg","Saiid Kobeisy floral-embroidered sleeveless dress."
"Nike x Daan Van Der Linden Blazer Court sneakers","SHOE-00032","343.0","25","men,nike,shoes","https://cdn-images.farfetch-contents.com/17/12/73/10/17127310_35784153_1000.jpg","The Nike SB Blazer Court DVDL takes inspiration from fishing vests. The sneaker is complete with a custom patch and a fishhook on the Swoosh and equipped with extra stitching and durable twill as well as printed double branding on the insole."
"Brunello Cucinelli Kids hooded ribbed-knit coat","APP-00079","1830.0","25","brunello cucinelli kids,clothing,girls clothing,kids","https://cdn-images.farfetch-contents.com/15/73/23/22/15732322_29232148_1000.jpg","Brunello Cucinelli Kids hooded ribbed-knit coat."
